Surface,NbPieces,NbChambres,NbSDB,Prix,Type_Appartement,Type_Maison,DPE_A,DPE_B,DPE_C,DPE_D,DPE_E,DPE_F,DPE_Vierge,latitude,longitude
70,4,3,1,217000,1,0,0,0,0,0,1,0,0,48.749986765,2.299028344
143,6,4,1,510000,0,1,0,0,0,1,0,0,0,48.778351142,1.960991753
39,2,1,1,109000,1,0,0,0,0,0,0,1,0,48.962720904,1.849559735
126,5,3,1,190000,0,1,0,0,1,0,0,0,0,48.518703129,3.153103494
20,1,1,1,145000,1,0,0,0,0,0,1,0,0,48.802292474,2.117410101
83,4,3,1,485000,1,0,1,0,0,0,0,0,0,48.804093282,2.227332801
74,4,2,1,360000,1,0,0,0,0,1,0,0,0,48.796455388,2.254300971
347,12,7,3,995000,0,1,0,0,0,0,0,1,0,49.020043434,2.247039527
33,1,1,1,106000,1,0,0,0,0,1,0,0,0,48.836665517,2.481752082
130,7,5,1,349900,0,1,0,0,0,0,1,0,0,49.140404504,2.30024802
77,3,2,1,440000,1,0,0,0,0,1,0,0,0,48.898544399,2.409100445
15,1,2,1,154000,1,0,0,0,0,0,1,0,0,48.887051437,2.384822082
95,5,3,1,349000,0,1,0,0,0,1,0,0,0,48.404341685,2.7812787720000003
31,1,1,1,245000,1,0,0,1,0,0,0,0,0,48.86351321,2.448636297
136,7,4,1,375000,0,1,0,0,0,1,0,0,0,48.535810688,1.941191495
170,7,3,1,420000,0,1,0,0,0,0,1,0,0,48.565851545,2.036948095
14,1,1,1,189000,1,0,0,0,0,0,1,0,0,48.885661807,2.266596324
194,9,6,1,615000,0,1,0,0,0,1,0,0,0,48.848168369,2.59644265
160,7,4,2,380000,0,1,0,0,1,0,0,0,0,48.702823561,2.337357273
30,1,1,1,134500,1,0,0,0,0,0,1,0,0,48.998365533,1.69406992
122,5,3,1,270000,0,1,0,0,0,1,0,0,0,48.661219416,2.264997188
121,5,3,1,455000,0,1,0,0,0,1,0,0,0,48.745502894,2.489056972
28,2,1,1,165300,1,0,0,0,0,1,0,0,0,48.830863087,2.722990758
19,1,1,1,212000,1,0,0,0,0,0,0,1,0,48.876129334,2.360715102
90,4,3,1,275000,1,0,0,0,1,0,0,0,0,48.862764338,2.539943497
161,7,5,2,529000,0,1,0,0,0,1,0,0,0,48.558579656,2.438037857
125,6,4,1,595000,0,1,0,0,0,0,1,0,0,48.939819605,2.17448669
31,2,1,1,393400,1,0,0,0,0,0,0,0,1,48.829262233,2.326537267
40,2,1,1,550000,1,0,0,0,0,0,0,0,1,48.872724688,2.312557715
101,4,3,1,230000,1,0,0,0,0,1,0,0,0,48.645608238,2.40818892
169,9,5,1,268000,0,1,0,0,1,0,0,0,0,48.840071988,2.292837347
64,3,2,1,170000,1,0,0,0,0,0,0,0,1,48.956644571,2.384861241
20,1,1,1,195000,1,0,0,0,0,0,0,1,0,48.828424546,2.3622537660000003
44,1,1,1,233000,1,0,0,0,0,1,0,0,0,48.829192097,2.119984317
50,2,1,1,420000,1,0,0,0,0,0,1,0,0,48.887331019,2.306778316
120,7,5,1,489000,0,1,0,0,0,1,0,0,0,49.020680055,2.10161862
93,4,3,1,309000,0,1,0,0,0,0,0,0,1,48.942941014,2.675081572
143,6,5,1,320000,0,1,0,0,0,1,0,0,0,49.011064768,1.888263613
60,3,2,1,285000,0,1,0,0,0,0,0,0,1,48.991738548,2.320739048
70,3,2,1,160000,1,0,0,0,0,0,1,0,0,48.951531886,2.240388744
52,2,1,1,140000,1,0,0,0,0,0,0,0,1,48.862549876,2.336419316
138,5,3,1,220000,0,1,0,0,1,0,0,0,0,48.540826838,3.073142083
93,5,4,1,239000,0,1,0,0,1,0,0,0,0,48.603961987,2.46946055
83,5,4,1,385000,0,1,0,0,0,0,1,0,0,48.492422234,2.179876174
71,3,2,1,575000,1,0,0,0,1,0,0,0,0,48.892570317,2.348176598
57,3,2,1,329000,1,0,0,0,0,0,0,0,1,48.869374523,2.17771477
1,3,2,1,100000,1,0,0,0,0,0,0,0,1,48.862549876,2.336419316
60,2,1,1,689000,1,0,0,0,0,1,0,0,0,48.885661807,2.266596324
56,3,2,1,230000,1,0,0,0,0,0,1,0,0,48.929643578,2.359289324
26,1,2,1,129900,1,0,0,0,0,0,1,0,0,48.902243865,2.484137001
75,3,2,1,475000,1,0,0,0,0,1,0,0,0,48.840071988,2.292837347
82,3,2,1,168000,1,0,0,0,1,0,0,0,0,48.632105215,2.312175448
85,5,3,1,370000,1,0,0,0,0,0,0,0,1,48.846861121,2.13446886
180,6,5,1,525000,0,1,0,0,0,1,0,0,0,48.836247784,2.564607121
90,4,3,1,700000,1,0,0,0,0,0,1,0,0,48.836400822,2.239066161
13,1,1,1,149000,1,0,0,0,0,0,1,0,0,48.876129334,2.360715102
16,1,1,1,80000,1,0,0,0,0,0,1,0,0,48.695926703,2.235331474
30,1,1,1,270000,1,0,0,0,0,0,0,0,1,48.840071988,2.292837347
67,3,1,1,650000,1,0,0,0,0,0,0,0,1,48.819648936,2.470749433
13,1,1,1,149000,1,0,0,0,0,1,0,0,0,48.876129334,2.360715102
101,6,4,1,379000,0,1,0,0,0,1,0,0,0,49.128484415,2.435953796
84,5,3,1,165000,1,0,0,0,1,0,0,0,0,48.989294485,1.91391108
68,3,2,1,237900,1,0,0,0,0,0,1,0,0,48.87491844,2.48590027
74,4,3,1,180000,1,0,0,0,0,1,0,0,0,48.689811714,2.30290407
150,7,5,1,1320000,0,1,0,0,1,0,0,0,0,48.829192097,2.119984317
38,2,1,1,220000,1,0,0,0,0,0,0,0,1,48.922750857,2.247051842
46,2,1,1,259000,1,0,0,1,0,0,0,0,0,48.783876041,2.19738706
72,3,2,1,143000,1,0,0,0,0,1,0,0,0,48.645608238,2.40818892
18,1,2,1,155000,1,0,0,0,0,0,1,0,0,48.884753073,2.405680234
79,4,2,1,292000,1,0,0,0,0,1,0,0,0,48.785828066,2.539660672
40,2,1,1,249000,1,0,0,0,0,0,0,0,1,48.87491844,2.48590027
120,5,4,1,151000,0,1,0,0,0,0,1,0,0,48.478498645,3.117973352
73,3,2,1,131000,0,1,0,0,1,0,0,0,0,48.478498645,3.117973352
106,5,4,1,410000,0,1,0,0,0,0,0,1,0,48.98831458,2.224194522
95,4,2,1,1315000,1,0,0,0,0,1,0,0,0,48.87716521,2.337456318
141,6,4,1,460000,0,1,0,0,1,0,0,0,0,48.939482289,2.461086127
82,4,3,1,310000,0,1,0,1,0,0,0,0,0,48.641188588,2.330441408
110,5,4,1,398000,0,1,0,0,0,0,1,0,0,48.558579656,2.438037857
55,2,1,1,216000,1,0,0,0,0,1,0,0,0,48.650022012,2.483650956
31,1,2,1,440000,1,0,0,0,0,0,0,1,0,48.854350603,2.357625608
55,2,1,1,130000,1,0,0,0,1,0,0,0,0,48.741877726,2.449089194
81,5,3,1,425000,0,1,0,0,0,0,0,0,1,49.026361092,2.220661508
156,7,5,1,599000,0,1,0,0,0,1,0,0,0,48.77621691,2.337698598
62,3,2,1,365000,1,0,0,0,0,0,1,0,0,48.798824614,2.494496787
90,4,1,1,1600000,1,0,0,0,0,1,0,0,0,48.84912057,2.332883793
137,6,4,2,515000,0,1,1,0,0,0,0,0,0,48.999997129,2.098929195
82,5,3,1,335000,0,1,0,0,1,0,0,0,0,48.527215604,2.270985877
32,2,1,1,89700,1,0,0,0,0,0,0,1,0,48.65354393,1.82640777
48,1,1,1,130000,1,0,0,0,0,0,1,0,0,48.65354393,1.82640777
30,2,1,1,150000,1,0,0,0,0,0,1,0,0,48.65354393,1.82640777
19,1,1,1,270000,1,0,0,0,0,0,0,1,0,48.862549876,2.336419316
50,2,1,1,595000,1,0,0,0,0,0,0,1,0,48.840071988,2.292837347
82,5,3,1,225000,0,1,0,0,0,0,0,0,1,48.368565322,2.930845994
90,5,3,1,395000,0,1,0,0,0,0,0,1,0,48.922750857,2.247051842
33,1,1,1,334900,1,0,0,0,0,0,1,0,0,48.840071988,2.292837347
25,1,1,1,235000,1,0,0,0,0,0,1,0,0,48.834961818,2.42138541
69,3,2,1,360000,1,0,0,0,0,1,0,0,0,48.896168757,2.207090178
74,4,3,1,230000,1,0,0,0,1,0,0,0,0,48.817396568,2.516989292
140,5,4,1,445000,0,1,0,0,0,0,0,1,0,49.037845152,1.937251595
28,2,1,1,380000,1,0,0,0,0,0,1,0,0,48.828424546,2.3622537660000003
250,6,4,1,349000,0,1,0,0,0,1,0,0,0,48.259908672,2.710851154
32,1,2,1,165000,1,0,0,0,0,0,0,0,1,48.819430023,2.609262864
190,7,5,1,380000,0,1,0,0,0,1,0,0,0,48.898918306,2.877889871
67,3,2,1,635000,1,0,0,0,0,1,0,0,0,48.863457789,2.401155799
150,6,4,1,424000,0,1,0,0,0,1,0,0,0,48.958603377,2.96655236
56,2,1,1,299500,1,0,0,0,0,0,1,0,0,48.893736101,2.105052068
80,4,3,1,65000,1,0,0,0,0,0,0,0,1,48.876129334,2.360715102
80,4,3,1,65000,1,0,0,0,0,0,0,0,1,48.876129334,2.360715102
48,2,1,1,229000,1,0,0,0,0,0,0,0,1,48.865003641,2.091451233
76,3,2,1,380000,1,0,0,0,0,0,0,0,1,48.868332771,2.749449617
69,3,2,2,375000,1,0,0,0,0,0,0,0,1,48.896168757,2.207090178
105,5,3,1,333500,0,1,0,0,0,0,0,0,1,49.042953885,1.793560905
180,4,2,3,3500000,1,0,0,0,0,0,0,0,1,48.854350603,2.357625608
350,2,4,2,570000,0,1,0,0,0,0,0,0,1,48.876129334,2.360715102
67,3,2,1,365000,1,0,0,0,0,0,0,0,1,48.792392355,2.35987795
104,10,3,1,250000,0,1,0,0,0,0,0,0,1,48.862549876,2.336419316
110,8,3,2,279000,1,0,0,0,0,0,0,0,1,48.862549876,2.336419316
141,8,3,3,349000,0,1,0,0,0,0,0,0,1,48.862549876,2.336419316
284,10,4,4,780000,0,1,0,0,0,0,0,0,1,48.862549876,2.336419316
179,6,3,3,565000,0,1,0,0,0,0,0,0,1,48.862549876,2.336419316
358,8,4,3,635000,0,1,0,0,0,0,0,0,1,48.862549876,2.336419316
322,10,4,4,690000,0,1,0,0,0,0,0,0,1,48.862549876,2.336419316
105,5,4,2,326000,0,1,0,0,0,0,0,0,1,49.020680055,2.10161862
285,10,4,2,780000,0,1,0,0,0,0,0,0,1,48.862549876,2.336419316
34,2,1,1,355000,1,0,0,0,0,0,0,0,1,48.876129334,2.360715102
40,2,1,1,135000,1,0,0,0,0,0,0,0,1,48.953667315,1.671553521
45,2,1,1,525000,1,0,0,0,0,0,0,0,1,48.828424546,2.3622537660000003
58,3,2,1,166000,1,0,0,0,0,0,0,0,1,48.524357339,2.697674267
65,5,2,1,300000,1,0,0,0,0,0,0,0,1,48.735923981,2.166033197
15,4,1,1,129000,1,0,0,0,0,0,0,0,1,48.859054908,2.380025153
74,4,3,1,720000,1,0,0,0,0,0,0,0,1,48.887051437,2.384822082
90,3,1,1,295000,0,1,0,0,0,0,0,0,1,48.832635262,1.665302121
82,4,3,1,275000,1,0,0,0,0,0,0,0,1,48.836247784,2.564607121
120,6,5,1,98000,0,1,0,0,0,0,0,0,1,48.860373457,2.261967959
140,4,3,1,1000000,1,0,0,0,0,0,0,0,1,48.780432581,2.3170591160000003
40,1,1,1,187000,1,0,0,0,0,0,0,0,1,48.908015138,2.546295743
90,5,3,2,159000,0,1,0,0,0,0,0,0,1,48.709852705,3.393426506
93,5,3,2,689000,1,0,0,0,0,0,0,0,1,48.776484949,2.296467846
50,2,1,1,150000,1,0,0,0,0,0,0,0,1,48.677735132,2.421499681
192,8,4,2,495000,0,1,0,0,0,0,0,0,1,48.853595137,1.773896062
138,4,4,4,20000,1,0,0,0,0,0,0,0,1,48.860373457,2.261967959
160,7,3,2,310000,0,1,0,0,0,0,0,0,1,49.03598752,1.676926764
32,2,1,1,27500,1,0,0,0,0,0,0,0,1,48.860373457,2.261967959
89,3,2,1,139000,1,0,0,0,0,0,0,0,1,48.840071988,2.292837347
115,7,3,2,235000,0,1,0,0,0,0,0,0,1,49.001520665,2.289265625
95,5,3,1,220000,0,1,0,0,0,0,0,0,1,48.539635881,2.629511597
93,4,3,1,255000,0,1,0,0,0,0,0,0,1,48.945834186,2.493478267
500,5,4,4,250000,0,1,0,0,0,0,0,0,1,48.84912057,2.332883793
38,38,1,1,240000,1,0,0,0,0,0,0,0,1,48.892570317,2.348176598
137,5,4,2,849000,1,0,0,0,0,0,0,0,1,48.823147869,2.264806255
54,3,3,1,273000,1,0,0,0,0,0,0,0,1,48.802292474,2.117410101
145,5,3,2,379000,0,1,0,0,0,0,0,0,1,48.735923981,2.166033197
90,3,2,2,95454,1,0,0,0,0,0,0,0,1,48.860373457,2.261967959
44,2,1,1,178000,1,0,0,0,0,0,0,0,1,48.87491844,2.48590027
500,1,1,1,1000000,0,1,0,0,0,0,0,0,1,48.872724688,2.312557715
150,6,3,3,455000,0,1,0,0,0,0,0,0,1,48.724658139,2.4212571670000003
55,3,2,1,225000,1,0,0,0,0,0,0,0,1,48.926070398,2.21192311
33,2,1,1,125000,1,0,0,0,0,0,0,0,1,48.926810989,2.122439577
42,2,1,1,135000,1,0,0,0,0,0,0,0,1,48.941845067,2.617085746
120,5,3,2,359000,0,1,0,0,0,0,0,0,1,48.656609978,2.351201849
140,7,3,1,130000,0,1,0,0,0,0,0,0,1,48.87716521,2.337456318
54,54,2,1,160000,1,0,0,0,0,0,0,0,1,48.920002762,2.535619525
72,72,3,1,155000,1,0,0,0,0,0,0,0,1,48.938717628,2.530589988
218,8,5,3,443000,0,1,0,0,0,0,0,0,1,48.763240732,3.076987933
61,3,2,1,107000,1,0,0,0,0,0,0,0,1,48.709852705,3.393426506
93,3,2,2,550000,1,0,0,0,0,0,0,0,1,48.87716521,2.337456318
240,8,3,1,198000,0,1,0,0,0,0,0,0,1,48.709852705,3.393426506
40,2,1,1,139000,1,0,0,0,0,0,0,0,1,48.642087338,2.268333554
67,3,2,1,241500,1,0,0,0,0,0,0,0,1,48.730259564,1.759908234
81,4,3,1,219000,1,0,0,0,0,0,0,0,1,48.524357339,2.697674267
44,2,1,1,89000,1,0,0,0,0,0,0,0,1,48.945834186,2.493478267
500,5,2,1,800000,1,0,0,0,0,0,0,0,1,48.876129334,2.360715102
500,5,2,1,150000,1,0,0,0,0,0,0,0,1,48.876129334,2.360715102
45,2,1,1,225000,1,0,0,0,0,0,0,0,1,48.91591925,2.287808861
45,2,1,1,229000,1,0,0,0,0,0,0,0,1,48.91591925,2.287808861
100,6,4,1,98000,0,1,0,0,0,0,0,0,1,48.648531731,2.035941043
96,6,4,2,255000,0,1,0,0,0,0,0,0,1,48.645608238,2.40818892
50,2,1,1,215000,1,0,0,0,0,0,0,0,1,48.842291099,2.50400578
72,4,2,1,197000,1,0,0,0,0,0,0,0,1,48.817396568,2.516989292
100,4,3,2,49000,1,0,0,0,0,0,0,0,1,48.892570317,2.348176598
60,3,2,1,550000,1,0,0,0,0,0,0,0,1,48.859054908,2.380025153
70,4,2,1,144000,0,1,0,0,0,0,0,0,1,48.709852705,3.393426506
20,1,1,1,83000,1,0,0,0,0,0,0,0,1,48.876129334,2.360715102
86,5,3,1,325000,0,1,0,0,0,0,0,0,1,48.975019705,2.178020378
63,4,3,1,179500,1,0,0,0,0,0,0,0,1,48.986978789,1.962958272
52,2,1,1,128000,1,0,0,0,0,0,0,0,1,48.645608238,2.40818892
120,6,4,1,356000,0,1,0,0,0,0,0,0,1,48.685086033,2.266929714
34,1,2,1,134900,1,0,0,0,0,0,0,0,1,48.76689918,2.352941911
150,5,4,2,525000,0,1,0,0,0,0,0,0,1,48.601359562,2.105439998
59,3,2,1,275000,1,0,0,0,0,0,0,0,1,48.91591925,2.287808861
44,3,2,1,164000,1,0,0,0,0,0,0,0,1,48.732228497,2.41098507
180,7,5,4,380000,0,1,0,0,0,0,0,0,1,48.637231884,2.769101712
77,4,2,1,169000,1,0,0,0,0,0,0,0,1,48.669432989,2.373359685
80,4,3,1,298000,0,1,0,0,0,0,0,0,1,48.932264849,2.399334869
64,3,2,1,382000,1,0,0,0,0,0,0,0,1,48.91591925,2.287808861
100,3,2,1,235000,0,1,0,0,0,0,0,0,1,48.953667315,1.671553521
85,4,3,1,256000,1,0,0,0,0,0,0,0,1,48.76689918,2.352941911
67,2,1,1,835000,1,0,0,0,0,0,0,0,1,48.862549876,2.336419316
220,7,5,3,499000,0,1,0,0,0,0,0,0,1,49.126847478,2.172466525
160,6,4,2,329000,0,1,0,0,0,0,0,0,1,48.524357339,2.697674267
69,4,2,1,260000,1,0,0,0,0,0,0,0,1,48.896772136,2.519551978
64,3,2,1,194000,1,0,0,0,0,0,0,0,1,48.896772136,2.519551978
65,3,2,1,345000,1,0,0,0,0,0,0,0,1,48.896168757,2.207090178
200,8,6,2,476000,0,1,0,0,0,0,0,0,1,48.898040819,2.566549678
130,5,3,1,150000,1,0,0,0,0,0,0,0,1,48.876129334,2.360715102
130,5,3,1,150000,1,0,0,0,0,0,0,0,1,48.876129334,2.360715102
73,4,2,1,225000,1,0,0,0,0,0,0,0,1,48.77621691,2.337698598
31,1,2,1,117000,1,0,0,0,0,0,0,0,1,48.653675957,2.639539278
90,5,3,1,233000,1,0,0,0,0,0,0,0,1,48.760790808,2.385495992
73,4,3,1,577000,1,0,0,0,0,0,0,0,1,48.863457789,2.401155799
46,2,1,1,165000,1,0,0,0,0,0,0,0,1,49.026361092,2.220661508
74,3,2,1,265000,1,0,0,0,0,0,0,0,1,48.798310364,2.310099988
52,3,2,1,160000,1,0,0,0,0,0,0,0,1,48.938717628,2.530589988
24,1,2,1,115000,1,0,0,0,0,0,0,0,1,48.653675957,2.639539278
318,5,2,1,900000,1,0,0,0,0,0,0,0,1,48.923469067,2.444562389
69,4,3,1,158000,1,0,0,0,0,0,0,0,1,48.955045923,2.313968877
76,4,3,1,259000,1,0,0,0,0,0,0,0,1,48.669432989,2.373359685
100,4,2,1,240000,0,1,0,0,0,0,0,0,1,48.587355138,3.138417782
106,3,2,1,75008,1,0,0,0,0,0,0,0,1,48.872724688,2.312557715
84,5,3,1,334000,1,0,0,0,0,0,0,0,1,48.896168757,2.207090178
38,2,2,1,154000,1,0,0,0,0,0,0,0,1,49.007988385,2.403736201
33,1,2,1,149000,1,0,0,0,0,0,0,0,1,49.007988385,2.403736201
120,6,5,1,345000,0,1,0,0,0,0,0,0,1,48.696591847,2.561137172
79,3,2,1,740000,1,0,0,0,0,0,0,0,1,48.847539205,2.437714989
80,4,3,1,240000,0,1,0,0,0,0,0,0,1,49.003563215,2.739419053
60,4,2,1,199000,0,1,0,0,0,0,0,0,1,49.051577748,2.094574042
40,2,1,1,660000,1,0,0,0,0,0,0,0,1,48.872724688,2.312557715
36,2,1,1,119000,1,0,0,0,0,0,0,0,1,48.912490578,2.384529976
100,100,4,1,685000,1,0,0,0,0,0,0,0,1,48.892570317,2.348176598
100,100,4,1,685000,1,0,0,0,0,0,0,0,1,48.892570317,2.348176598
137,6,4,3,337000,0,1,0,0,0,0,0,0,1,49.13001014,2.263254667
65,3,2,1,235000,1,0,0,0,0,0,0,0,1,48.845661019,2.787101817
35,35,2,1,135000,1,0,0,0,0,0,0,0,1,48.932264849,2.399334869
72,4,2,1,239000,1,0,0,0,0,0,0,0,1,48.67802178,2.223002267
76,4,3,1,189000,1,0,0,0,0,0,0,0,1,48.890767137,2.639890249
53,3,2,1,185000,1,0,0,0,0,0,0,0,1,48.788118568,2.394516098
53,3,2,1,185000,1,0,0,0,0,0,0,0,1,48.788118568,2.394516098
50,2,1,1,135000,0,1,0,0,0,0,0,0,1,48.565555122,2.920094677
40,2,2,1,280000,1,0,0,0,0,0,0,0,1,48.883640381,2.238727624
134,5,3,2,450000,0,1,0,0,0,0,0,0,1,48.87491844,2.48590027
101,5,3,2,307000,1,0,0,0,0,0,0,0,1,48.87491844,2.48590027
55,55,2,1,155000,1,0,0,0,0,0,0,0,1,48.684832308,2.676033206
101,5,4,1,405000,1,0,0,0,0,0,0,0,1,48.91591925,2.287808861
94,1,2,1,68000,1,0,0,0,0,0,0,0,1,48.938717628,2.530589988
94,1,2,1,68000,1,0,0,0,0,0,0,0,1,48.938717628,2.530589988
264,7,5,3,320000,0,1,0,0,0,0,0,0,1,48.840071988,2.292837347
45,2,1,1,170000,1,0,0,0,0,0,0,0,1,48.685086033,2.266929714
160,160,13,8,550000,0,1,0,0,0,0,0,0,1,48.884683095,2.438075777
160,160,13,8,550000,0,1,0,0,0,0,0,0,1,48.884683095,2.438075777
45,4,3,1,22878,0,1,0,0,0,0,0,0,1,48.863457789,2.401155799
405,5,1,1,70000,0,1,0,0,0,0,0,0,1,48.872724688,2.312557715
22,2,1,1,140000,1,0,0,0,0,0,0,0,1,48.821542393,2.287396637
100,5,4,1,254400,0,1,0,0,0,0,0,0,1,48.345169683,2.237202381
70,3,2,1,155150,1,0,0,0,0,0,0,0,1,48.860373457,2.261967959
70,3,2,1,155150,1,0,0,0,0,0,0,0,1,48.84912057,2.332883793
129,6,4,2,310000,0,1,0,0,0,0,0,0,1,48.661326984,2.330542445
80,5,3,1,250000,1,0,0,0,0,0,0,0,1,48.956644571,2.384861241
61,3,2,1,510000,1,0,0,0,0,0,0,0,1,48.887051437,2.384822082
61,3,2,1,510000,1,0,0,0,0,0,0,0,1,48.887051437,2.384822082
71,3,2,1,169000,1,0,0,0,0,0,0,0,1,48.993711113,2.194320017
260,7,4,2,890000,0,1,0,0,0,0,0,0,1,48.926070398,2.21192311
58,3,2,1,140000,1,0,0,0,0,0,0,0,1,48.970423332,2.404581275
35,2,1,1,320000,1,0,0,0,0,0,0,0,1,48.840071988,2.292837347
65,2,1,1,520000,1,0,0,0,0,0,0,0,1,48.834961818,2.42138541
52,3,2,1,260000,1,0,0,0,0,0,0,0,1,48.876129334,2.360715102
93,6,4,2,300000,0,1,0,0,0,0,0,0,1,48.961062049,2.363217687
34,2,1,1,165000,1,0,0,0,0,0,0,0,1,48.820377155,1.882792132
110,5,4,1,260000,0,1,0,0,0,0,0,0,1,49.088264977,1.6342024890000002
85,4,3,1,275000,0,1,0,0,0,0,0,0,1,49.041098761,1.998749157
130,6,4,2,340000,0,1,0,0,0,0,0,0,1,48.661326984,2.330542445
405,9,2,2,90000,0,1,0,0,0,0,0,0,1,48.876129334,2.360715102
67,3,2,1,190000,1,0,0,0,0,0,0,0,1,49.027507823,1.975650874
65,3,2,1,130000,1,0,0,0,0,0,0,0,1,48.938717628,2.530589988
74,4,2,1,380000,1,0,0,0,0,0,0,0,1,48.926810989,2.122439577
30,2,1,1,178000,1,0,0,0,0,0,0,0,1,48.904081231,2.305966988
30,2,1,1,97000,1,0,0,0,0,0,0,0,1,48.531838018,2.234442297
48,3,2,1,157000,1,0,0,0,0,0,0,0,1,48.970064721,2.345419123
48,3,2,1,157000,1,0,0,0,0,0,0,0,1,48.970064721,2.345419123
77,3,2,1,260000,1,0,0,0,0,0,0,0,1,48.971716801,2.326433561
90,4,2,1,290000,1,0,0,0,0,0,0,0,1,48.406515646,2.680925371
28,2,1,1,160000,1,0,0,0,0,0,0,0,1,48.796455388,2.254300971
16,1,2,1,80000,1,0,0,0,0,0,0,0,1,48.926810989,2.122439577
21,1,1,1,95000,1,0,0,0,0,0,0,0,1,48.796134091,2.421407444
140,6,5,1,315000,0,1,0,0,0,0,0,0,1,48.303340526,2.827154447
94,3,2,1,73000,0,1,0,0,0,0,0,0,1,48.872773777,3.332858845
94,3,2,1,48000,0,1,0,0,0,0,0,0,1,48.872773777,3.332858845
94,3,2,1,68000,0,1,0,0,0,0,0,0,1,48.872773777,3.332858845
78,4,2,2,209000,0,1,0,0,0,0,0,0,1,48.696591847,2.561137172
94,6,4,1,220000,0,1,0,0,0,0,0,0,1,48.872773777,3.332858845
250,11,2,1,495000,0,1,0,0,0,0,0,0,1,48.677735132,2.421499681
118,7,5,2,138000,0,1,0,0,0,0,0,0,1,49.003563215,2.739419053
100,4,3,1,295000,0,1,0,0,0,0,0,0,1,48.637231884,2.769101712
100,5,3,1,163000,0,1,0,0,0,0,0,0,1,48.587355138,3.138417782
70,4,2,1,120000,1,0,0,0,0,0,0,0,1,48.657051798,2.38747617
122,6,4,2,450000,0,1,0,0,0,0,0,0,1,49.051577748,2.094574042
63,3,2,1,168000,1,0,0,0,0,0,0,0,1,48.714730715,2.591727479
63,3,2,1,168000,1,0,0,0,0,0,0,0,1,48.714730715,2.591727479
63,3,2,1,168000,1,0,0,0,0,0,0,0,1,48.714730715,2.591727479
63,3,2,1,168000,1,0,0,0,0,0,0,0,1,48.714730715,2.591727479
90,5,3,1,270000,0,1,0,0,0,0,0,0,1,48.653675957,2.639539278
27,2,1,1,115000,1,0,0,0,0,0,0,0,1,48.945834186,2.493478267
32,3,1,1,140000,1,0,0,0,0,0,0,0,1,48.764258643,2.417182182
148,5,3,2,395000,0,1,0,0,0,0,0,0,1,48.817396568,2.516989292
50,2,1,1,420000,1,0,0,0,0,0,0,0,1,48.834961818,2.42138541
170,9,5,2,670000,0,1,0,0,0,0,0,0,1,48.817396568,2.516989292
74,3,2,1,289000,1,0,0,0,0,0,0,0,1,48.783768446,2.454728618
67,3,2,1,185000,1,0,0,0,0,0,0,0,1,48.971716801,2.326433561
21,1,1,1,77000,1,0,0,0,0,0,0,0,1,48.524357339,2.697674267
100,3,2,2,149000,0,1,0,0,0,0,0,0,1,48.876129334,2.360715102
100,3,2,2,149000,0,1,0,0,0,0,0,0,1,48.876129334,2.360715102
64,3,2,1,210000,1,0,0,0,0,0,0,0,1,48.71619444,2.493068637
100,3,2,2,149000,0,1,0,0,0,0,0,0,1,48.876129334,2.360715102
70,3,2,1,172000,1,0,0,0,0,0,0,0,1,48.817396568,2.516989292
34,1,1,1,225000,1,0,0,0,0,0,0,0,1,48.863457789,2.401155799
30,2,2,1,28900,0,1,0,0,0,0,0,0,1,48.344351413,2.897954226
70,3,2,1,85000,1,0,0,0,0,0,0,0,1,48.862549876,2.336419316
100,3,2,2,149000,0,1,0,0,0,0,0,0,1,48.876129334,2.360715102
31,5,2,1,158000,1,0,0,0,0,0,0,0,1,48.802486955,1.7682772240000002
48,2,1,1,315000,1,0,0,0,0,0,0,0,1,48.876129334,2.360715102
45,2,1,1,35000,0,1,0,0,0,0,0,0,1,48.876129334,2.360715102
100,3,2,2,149000,0,1,0,0,0,0,0,0,1,48.876129334,2.360715102
100,3,2,2,149000,0,1,0,0,0,0,0,0,1,48.876129334,2.360715102
105,4,3,1,250000,1,0,0,0,0,0,0,0,1,48.86287791,2.3599986
65,3,2,1,240000,1,0,0,0,0,0,0,0,1,49.019103435,2.160347072
67,4,3,1,210000,1,0,0,0,0,0,0,0,1,48.406515646,2.680925371
60,3,2,1,215000,1,0,0,0,0,0,0,0,1,48.60739655,2.623860846
35,5,2,1,56000,0,1,0,0,0,0,0,0,1,48.94283572,1.60729331
65,3,2,1,240000,1,0,0,0,0,0,0,0,1,49.019103435,2.160347072
50,3,2,1,75000,0,1,0,0,0,0,0,0,1,48.563172865,3.219258483
86,4,3,1,250000,0,1,0,0,0,0,0,0,1,48.941663812,2.851027449
62,3,2,1,320000,0,1,0,0,0,0,0,0,1,48.951531886,2.240388744
50,3,1,1,150000,1,0,0,0,0,0,0,0,1,48.626896994,2.43011442
45,2,1,1,149500,1,0,0,0,0,0,0,0,1,48.584512665,2.586244938
350,16,8,8,380000,0,1,0,0,0,0,0,0,1,48.187022098,2.747316996
50,3,2,1,160000,1,0,0,0,0,0,0,0,1,48.774023154,2.8259164830000003
434,7,6,2,440000,0,1,0,0,0,0,0,0,1,48.695361532,2.461939706
110,5,3,1,450000,0,1,0,0,0,0,0,0,1,48.788118568,2.394516098
104,3,2,2,1030000,1,0,0,0,0,0,0,0,1,48.828424546,2.3622537660000003
90,5,3,1,360000,0,1,0,0,0,0,0,0,1,48.760790808,2.385495992
70,4,3,1,180000,1,0,0,0,0,0,0,0,1,48.765666849,2.533133337
121,6,4,2,370000,0,1,0,0,0,0,0,0,1,48.597005764,2.424587432
60,60,2,1,380000,1,0,0,0,0,0,0,0,1,48.892570317,2.348176598
145,4,2,1,207000,0,1,0,0,0,0,0,0,1,48.774023154,2.8259164830000003
67,2,2,1,140000,0,1,0,0,0,0,0,0,1,48.774023154,2.8259164830000003
217,4,4,2,70000,1,0,0,0,0,0,0,0,1,48.971927968,2.252832517
94,2,1,1,85000,1,0,0,0,0,0,0,0,1,48.872724688,2.312557715
114,5,4,2,280000,0,1,0,0,0,0,0,0,1,48.382397701,2.4587028330000003
40,3,2,2,160000,1,0,0,0,0,0,0,0,1,48.887331019,2.306778316
94,5,3,1,220000,1,0,0,0,0,0,0,0,1,48.524357339,2.697674267
73,3,2,1,220000,1,0,0,0,0,0,0,0,1,49.051577748,2.094574042
50,2,1,1,160000,0,1,0,0,0,0,0,0,1,48.419818579,2.769157835
110,3,2,2,820000,1,0,0,0,0,0,0,0,1,48.892570317,2.348176598
110,5,3,2,320000,1,0,0,0,0,0,0,0,1,49.063645075,2.016295404
200,6,3,1,110000,0,1,0,0,0,0,0,0,1,48.524357339,2.697674267
66,3,2,1,190000,1,0,0,0,0,0,0,0,1,48.955045923,2.313968877
100,4,3,2,370000,0,1,0,0,0,0,0,0,1,48.936210518,2.427612443
45,2,1,1,120000,1,0,0,0,0,0,0,0,1,48.653675957,2.639539278
80,4,2,1,260000,0,1,0,0,0,0,0,0,1,48.408982002,2.807741767
200,4,2,1,140000,0,1,0,0,0,0,0,0,1,48.872773777,3.332858845
43,2,1,1,158000,1,0,0,0,0,0,0,0,1,48.923469067,2.444562389
25,1,1,1,86000,1,0,0,0,0,0,0,0,1,48.990236727,2.381117319
70,3,1,1,460000,0,1,0,0,0,0,0,0,1,48.749986765,2.299028344
250,5,2,1,150000,0,1,0,0,0,0,0,0,1,48.876129334,2.360715102
221,4,3,1,498000,0,1,0,0,0,0,0,0,1,48.912490578,2.384529976
75,2,3,1,115000,1,0,0,0,0,0,0,0,1,48.657051798,2.38747617
88,5,3,1,190000,1,0,0,0,0,0,0,0,1,48.883978399,2.597093098
58,3,2,1,258000,1,0,0,0,0,0,0,0,1,48.807476404,2.192088547
160,6,4,2,445000,0,1,0,0,0,0,0,0,1,48.763940835,2.680230189
109,5,3,1,333000,0,1,0,0,0,0,0,0,1,48.786864927,2.613875011
105,6,4,1,272000,0,1,0,0,0,0,0,0,1,48.883978399,2.597093098
79,4,2,1,235000,1,0,0,0,0,0,0,0,1,48.991738548,2.320739048
88,4,2,2,50000,0,1,0,0,0,0,0,0,1,48.84091864,2.890551132
96,5,4,2,295000,0,1,0,0,0,0,0,0,1,48.659188075,2.725984418
39,2,1,1,145000,1,0,0,0,0,0,0,0,1,48.422589066,1.95754312
73,4,3,1,145000,1,0,0,0,0,0,0,0,1,48.495502791,2.600426959
110,6,3,1,150000,1,0,0,0,0,0,0,0,1,48.539635881,2.629511597
108,4,2,1,540000,1,0,0,0,0,0,0,0,1,48.863457789,2.401155799
77,4,3,1,206000,1,0,0,0,0,0,0,0,1,48.714730715,2.591727479
91,91,3,1,32300,0,1,0,0,0,0,0,0,1,48.862549876,2.336419316
47,2,1,1,175000,1,0,0,0,0,0,0,0,1,48.993711113,2.194320017
114,6,3,1,240000,1,0,0,0,0,0,0,0,1,48.783768446,2.454728618
85,5,4,1,195000,1,0,0,0,0,0,0,0,1,48.990236727,2.381117319
50,3,2,1,150000,1,0,0,0,0,0,0,0,1,48.920002762,2.535619525
118,5,4,2,245000,0,1,0,0,0,0,0,0,1,48.563172865,3.219258483
80,4,2,1,369000,1,0,0,0,0,0,0,0,1,48.926810989,2.122439577
84,4,3,1,269000,1,0,0,0,0,0,0,0,1,48.907435801,2.439842933
56,3,2,1,120000,1,0,0,0,0,0,0,0,1,48.908015138,2.546295743
65,3,2,1,100000,1,0,0,0,0,0,0,0,1,48.904081231,2.305966988
65,3,3,1,100000,1,0,0,0,0,0,0,0,1,48.904081231,2.305966988
100,5,3,1,280000,0,1,0,0,0,0,0,0,1,48.84091864,2.890551132
23,1,1,1,140000,1,0,0,0,0,0,0,0,1,48.802292474,2.117410101
70,4,2,1,180000,1,0,0,0,0,0,0,0,1,48.657051798,2.38747617
100,4,3,1,255000,0,1,0,0,0,0,0,0,1,48.774023154,2.8259164830000003
130,5,3,2,375000,0,1,0,0,0,0,0,0,1,48.898040819,2.566549678
500,13,7,6,1707000,0,1,0,0,0,0,0,0,1,48.87491844,2.48590027
121,5,4,1,780000,1,0,0,0,0,0,0,0,1,48.859054908,2.380025153
180,8,4,2,265000,0,1,0,0,0,0,0,0,1,48.709852705,3.393426506
30,1,2,1,72000,1,0,0,0,0,0,0,0,1,48.938717628,2.530589988
68,4,3,1,155000,1,0,0,0,0,0,0,0,1,49.06293876,2.567173124
48,2,1,1,215000,1,0,0,0,0,0,0,0,1,48.904081231,2.305966988
90,4,3,1,245000,0,1,0,0,0,0,0,0,1,48.819430023,2.609262864
15,1,2,1,64000,1,0,0,0,0,0,0,0,1,48.945834186,2.493478267
93,5,3,1,235000,0,1,0,0,0,0,0,0,1,48.789779958,2.660952483
93,5,3,1,235000,0,1,0,0,0,0,0,0,1,48.789779958,2.660952483
59,3,2,1,189000,1,0,0,0,0,0,0,0,1,48.907435801,2.439842933
55,2,1,1,160000,1,0,0,0,0,0,0,0,1,48.817381128,2.046651464
100,5,3,2,350000,0,1,0,0,0,0,0,0,1,48.861105557,2.57585149
50,3,2,1,22000,0,1,0,0,0,0,0,0,1,48.309573391,2.005568775
135,8,5,1,350000,0,1,0,0,0,0,0,0,1,48.340635219,2.750259737
145,6,4,2,262000,0,1,0,0,0,0,0,0,1,48.584512665,2.586244938
93,4,3,1,240000,0,1,0,0,0,0,0,0,1,49.041951735,3.108120761
70,4,2,1,130000,0,1,0,0,0,0,0,0,1,48.524357339,2.697674267
77,3,3,1,250000,1,0,0,0,0,0,0,0,1,48.783768446,2.454728618
84,5,4,1,280000,0,1,0,0,0,0,0,0,1,48.881719762,2.545716677
75,5,3,1,255000,0,1,0,0,0,0,0,0,1,49.051577748,2.094574042
56,2,1,1,170000,1,0,0,0,0,0,0,0,1,48.945850142,1.920725015
12,1,2,1,147000,1,0,0,0,0,0,0,0,1,48.862549876,2.336419316
9,5,2,1,89000,1,0,0,0,0,0,0,0,1,48.828424546,2.3622537660000003
55,2,1,1,181000,1,0,0,0,0,0,0,0,1,48.786864927,2.613875011
174,6,3,2,410000,0,1,0,0,0,0,0,0,1,48.970064721,2.345419123
82,4,3,1,249000,1,0,0,0,0,0,0,0,1,48.764258643,2.417182182
60,3,2,1,195000,1,0,0,0,0,0,0,0,1,48.812531997,1.946829653
80,3,2,1,390000,1,0,0,0,0,0,0,0,1,48.892570317,2.348176598
96,4,3,2,178000,1,0,0,0,0,0,0,0,1,48.945834186,2.493478267
28,2,1,1,138000,1,0,0,0,0,0,0,0,1,48.796455388,2.254300971
45,2,1,1,135000,1,0,0,0,0,0,0,0,1,49.025890296,2.384418866
110,5,4,1,220000,0,1,0,0,0,0,0,0,1,49.122876265,2.201090519
122,4,2,1,375000,1,0,0,0,0,0,0,0,1,48.951531886,2.240388744
95,5,3,1,228000,0,1,0,0,0,0,0,0,1,48.763240732,3.076987933
90,5,3,1,210000,1,0,0,0,0,0,0,0,1,48.745502894,2.489056972
90,4,3,1,500000,0,1,0,0,0,0,0,0,1,48.922750857,2.247051842
54,3,2,1,25000,0,1,0,0,0,0,0,0,1,48.344351413,2.897954226
47,2,1,1,190000,1,0,0,0,0,0,0,0,1,48.898414495,2.255695763
76,4,3,1,280000,1,0,0,0,0,0,0,0,1,48.836665517,2.481752082
150,5,4,2,200000,0,1,0,0,0,0,0,0,1,48.883978399,2.597093098
94,5,3,2,345000,0,1,0,0,0,0,0,0,1,48.990236727,2.381117319
131,6,5,2,250000,1,0,0,0,0,0,0,0,1,49.051577748,2.094574042
50,2,1,1,126000,1,0,0,0,0,0,0,0,1,48.704173357,2.427472385
